OS01G0104100,OS01G0124401,OS01G0159800,OS01G0205700,OS01G0307500,OS01G0343300,OS01G0506100,OS01G0534900,OS01G0571300,OS01G0575200,OS01G0612600,OS01G0664100,OS01G0699100,OS01G0733200,Label
0,0,0,4,0,6.0128,0,2.3219,0,3.1699,6.4878,4.2854,0,0,0
0,0,0,4.7004,0,5.9158,2.8074,3.8074,0,2,5.9741,4.4919,2,2,0
0,0,0,1.585,0,6.3808,3.4594,4,3.4594,0,5.935,4,1.585,0,0
0,0,0,2.8074,0,6.1803,2.8074,3.3219,2.8074,2,7.0901,4.9773,4.5546,0,0
0,0,0,4.3219,0,6.2477,0,3.1699,0,0,6.3445,4.7549,4.5546,0,0
0,0,0,4.2479,0,5.7698,0,3.858,0,3.3219,6.8579,3.858,4.7549,3.3219,0
0,0,0,2,2,5.0224,2,0,0,0,6.4893,3.9069,2,0,0
0,0,3.9069,3.3219,0,6.114,2.585,2.585,0,2.585,6.1659,5.2479,0,0,0
0,0,0,4.4594,2.585,5.3923,3.4594,3.4594,0,0,6.1266,4,3.4594,0,0
0,0,0,0,3.4594,4.0875,2.8074,2.8074,0,0,5.7758,2.8074,2.8074,2.8074,0
0,0,0,2.8074,3.7004,6.5075,3.7004,3.7004,0,0,6.1424,4.585,0,0,0
0,0,0,4.4594,0,6.0391,0,0,0,0,6.1735,5.0444,4.4594,0,0
0,0,0,3.8074,0,5.2854,2.585,2.585,0,0,5.93,4.3219,0,0,0
0,0,3.1699,3.1699,0,4.9069,0,3.1699,0,0,5.7605,5.5567,3.1699,0,0
0,0,0,0,0,5.6026,3.4594,0,0,3.4594,5.9241,0,3.4594,3.4594,0
0,0,0,0,4,5.3107,0,0,0,4,5,4,4,0,0
1,0,2.585,2.585,0,6.4707,2.585,1,0,2,7.228,4.3923,4.9227,0,0
1.585,0,0,3.3219,0,6.2219,0,1.585,0,1.585,6.8646,5.5644,4.2479,0,0
0,0,2.585,3.9542,2,7.4163,0,2.585,2,0,6.7687,3.7004,2.585,0,0
0,0,0,3.8074,0,6.5264,0,1.585,0,3.1699,6.4997,3.1699,3.1699,0,0
0,0,2.585,4.4263,0,6.1717,0,2.585,0,3.7004,6.4978,3.7004,3.7004,0,0
0,0,3.9069,0,0,6.2955,0,2.3219,0,2.3219,6.4874,3.9069,4.3923,0,0
0,0,2.3219,3.3219,0,5.9572,0,3.3219,0,0,7.0011,4.2479,5.3399,2.3219,0
0,0,0,0,0,6.5755,0,3,0,3.3219,6.7614,3.8074,4.5546,0,0
2,2,0,2.8074,0,6.071,0,4.1293,0,2.8074,6.5057,5.3338,4.8074,0,0
0,0,0,3.585,0,6.8355,0,0,0,2.3219,6.6221,3.585,0,0,0
0,0,0,2.3219,0,7.1431,0,2.3219,0,2.3219,6.3747,4.1699,3.7004,0,0
0,2,2,2,0,6.9153,0,3.9069,0,4.1293,7.1305,5.0224,3.9069,0,0
2.3219,0,0,3.1699,0,6.5507,3.1699,2.3219,0,0,6.439,5.0444,3.7004,0,0
0,0,0,3.585,0,6.7858,4.1699,3.585,0,0,6.8946,4.4263,5.4919,0,0
0,0,0,3.4594,0,3.4594,3.4594,0,0,0,6.5204,5.4263,2,0,0
0,0,2.3219,0,0,5.9812,2.3219,5.3923,0,0,6.8696,3.8074,0,0,0
0,0,0,4.8826,0,6.7242,0,3.1699,0,3.1699,6.2405,5.3038,0,0,0
0,0,0,0,0,5.851,2.3219,3.7004,0,2.3219,6.6682,5.6551,3.7004,0,0
0,0,0,3.1699,2.3219,6.1815,0,3.1699,0,0,6.4806,3.7004,0,0,0
0,0,0,3.585,0,6.8495,2.8074,5.0444,0,3.585,6.6286,4.585,4.0875,0,0
0,0,0,2.3219,0,6.4219,4.5236,2.3219,0,0,6.7137,4.3219,3.585,0,0
0,0,3.585,0,0,6.519,0,2.8074,0,0,6.898,4.5236,5.2095,0,0
2.585,0,0,3.3219,0,6.8872,0,4.4594,2.585,0,6.379,4.4594,4.4594,0,0
0,4.6439,2.3219,4.2479,0,7.1028,3.3219,3.3219,0,2.3219,6.9893,3.7004,3.3219,2.3219,0
0,7.7328,2,3.7004,2,7.1358,2,2,0,0,6.1609,4.9307,4.2479,0,0
0,0,2.8074,2.8074,0,6.0461,0,0,0,2.8074,6.5537,3.585,4.4594,0,0
0,4.1699,0,4.1699,2.3219,6.3189,0,0,0,3.585,6.6219,4.7004,5.8202,0,0
0,0,0,0,0,6.0259,0,0,0,4.6439,6.2813,3.7004,4.6439,0,0
0,0,0,2.585,0,6.6642,2.585,2.585,0,0,6.4673,4.7814,4.5236,0,0
0,0,0,3.585,0,4.4594,3,2.3219,0,4,6.5273,5.2854,3,0,0
0,0,0,2.585,0,6.5365,2.585,2.585,0,0,6.9134,4.1699,2.585,0,0
0,0,0,4.4594,0,6.3268,0,2.585,0,0,6.5399,3.9069,0,0,0
0,0,0,5.2095,0,6.2055,2.8074,0,0,0,6.9578,2.8074,4,0,0
0,0,4.3219,4.8074,0,5.0661,0,2.8074,0,2.8074,6.6339,3.8074,2.8074,0,0
0,0,0,3.8074,0,6.0426,0,3.8074,0,0,5.7309,3.8074,5.0832,0,0
0,0,2.3219,4.0875,0,7.2546,0,0,0,3.585,6.3787,3.1699,4.585,0,0
2.585,0,0,4.2479,0,6.991,0,3.8074,0,0,6.3056,4.7004,0,0,0
0,0,0,0,3.4594,6.2166,3.4594,2.8074,0,3.4594,6.0448,4,4,2.8074,0
2.8074,0,2.8074,2.8074,0,5.889,0,3.585,0,2.8074,5.7816,2.8074,4.0875,0,0
3,0,0,0,0,6.0717,0,0,0,0,6.2529,0,0,0,0
0,0,0,3,0,6.0951,3.7004,4.3219,3,0,6.1863,4.7549,3,3,0
0,0,0,2.585,0,6.3623,0,0,0,4.7549,6.4401,4.5236,4.5236,0,0
2.585,0,0,3.7004,0,6.1568,2.585,2.585,0,2.585,6.5108,5.4594,4.7549,0,0
0,2.3219,0,2.3219,0,6.273,0,0,0,2.3219,6.273,4.6439,2.3219,0,0
0,0,2.8074,0,0,5.7793,3.7004,3.7004,0,3.7004,6.3158,4.9542,0,0,0
2.3219,0,2.3219,4.5236,0,6.6495,0,2.3219,2.3219,0,6.3116,5.2479,4,0,0
2.8074,0,2.8074,0,0,6.4168,2.8074,3.585,0,2.8074,5.9331,2.8074,0,2.8074,0
2.8074,0,2.8074,3.4594,0,5.9699,0,0,0,0,5.9158,2.8074,0,0,0
0,0,0,4.1699,0,4.7004,2.8074,2.8074,0,3.585,6.6568,5.6439,2.8074,0,0
0,0,0,4.7004,0,6.1043,3.3219,2.3219,0,3.3219,6.0503,4.2479,2.3219,0,0
0,0,0,3.585,0,5.9439,2.8074,3.585,0,2.8074,6.5237,2.8074,0,0,0
0,0,0,5.6704,0,5.9224,0,0,0,4.0875,6.6716,4.0875,0,2.8074,0
0,0,0,4,0,6.379,0,0,3,0,5.6404,0,3,0,0
0,0,0,3.1699,0,6.1014,0,0,0,0,5.8304,4.0875,3.1699,0,0
0,4.1699,2.8074,2.8074,0,6.7312,0,0,0,3.7004,5.8826,5.0875,3.7004,0,0
0,0,0,0,0,6.2935,0,2.8074,0,0,6.1558,5.6404,2.8074,0,0
0,0,0,4.7549,0,6.3399,0,0,0,0,6.1789,2.585,4.5546,0,0
0,2,0,3.9069,0,6.7408,0,2,0,0,6.2267,4.5236,2,0,0
0,0,0,3.8074,0,6.7682,3,3,0,0,6.1906,3,0,0,0
0,3.1699,0,4.9542,0,6.2698,0,0,0,3.1699,6.1119,4.3923,0,0,0
0,0,0,3,0,3,0,3,0,0,6.203,3,4,3,0
0,0,0,3.3219,0,6.7069,0,3.3219,0,0,6.0868,3.3219,0,0,0
0,0,0,0,0,6.1767,0,2.8074,0,2.8074,6.5182,4.858,2.8074,0,0
0,0,4,2.3219,0,6.7965,0,4.6439,0,2.3219,6.1902,4.6439,5.1293,0,0
0,0,3.3219,4.0875,0,6.3388,0,3.3219,0,0,6.4264,4.585,4.585,0,0
0,0,0,4.7004,0,6.2515,0,0,0,0,6.3005,4.1699,2.3219,0,0
0,0,0,2.585,0,6.5743,0,0,0,4,5.9957,4,0,0,0
0,0,0,2.8074,0,5.6879,2.8074,0,0,2.8074,6.1235,4.7814,2.8074,0,0
0,5.6817,3.9069,3.9069,0,6.4857,3,3,3,0,6.1689,4.3923,3.9069,3,0
0,0,0,0,0,5.8122,0,2.8074,0,0,5.7371,4.1699,4.1699,0,0
2.8074,2.8074,0,4.0875,0,5.1699,0,4.0875,0,0,6.6194,4.0875,0,0,0
0,0,0,0,0,5.7602,0,0,0,4.5236,5.975,5,4.5236,0,0
0,0,3.1699,4,0,6.2057,0,3.1699,0,0,6.0233,5.6559,4.4594,0,0
0,0,0,0,0,5.4702,0,0,0,3,6.1243,4.858,0,0,0
0,0,0,3.1699,0,5.4594,0,0,3.1699,0,6.0635,4.9542,4.9542,0,0
0,0,0,2.585,0,5.4919,0,2.585,0,2.585,6.3605,2.585,4.5236,0,0
0,0,0,3.7004,0,5.3219,2.8074,0,0,0,6.2215,5.3219,0,0,0
0,0,0,2.585,0,5.4594,0,0,0,0,6.0672,0,0,0,0
0,0,2.3219,0,0,5.7975,0,0,2.3219,0,6.5248,3.9069,4.5236,0,0
2.585,0,0,2.585,0,5.9392,4.6439,4.0875,0,0,6.7336,4.6439,4.0875,0,0
0,0,0,3.4594,0,5.649,3.4594,0,0,0,6.3268,4.3923,3.4594,0,0
0,0,0,3,0,5.6542,3,3,0,0,5.7361,5.2479,0,0,0
0,0,0,0,0,5.9359,0,4.585,0,3.1699,6.47,3.1699,4.585,0,0
0,0,0,0,0,6.7386,0,3.1699,3.1699,0,5.8726,5.2095,4.7004,0,0
0,2.8074,0,4.1699,0,6.416,0,4.7549,0,2.8074,6.2837,4.7549,5.8878,0,0
0,3,0,3,0,5.753,0,0,0,3,6.29,5.6568,0,0,0
2.585,0,0,2.585,0,5.9258,0,2.585,0,3.9069,6.5223,2.585,4.9069,0,0
0,0,0,3.3219,0,5.8686,0,3.3219,0,0,6.2909,3.3219,0,0,0
0,0,4.3923,4.9542,0,5.5509,0,0,0,4.3923,5.9948,5.745,0,0,0
0,0,3.4594,0,3.4594,6.1434,0,0,0,0,6.1434,4.858,0,0,0
0,0,0,0,0,5.8212,3,0,0,0,6.7704,4.3219,0,0,0
0,0,0,0,0,5.6191,0,0,3,0,5.6191,4.3923,0,0,0
0,0,0,3.3219,0,5,0,3.3219,0,3.3219,5.878,5.2479,3.3219,0,0
0,0,3.585,3.585,0,6.0732,3.585,0,0,4.858,6.2898,5.7219,3.585,0,0
3,0,0,0,0,6.2692,0,3,0,0,6.6276,4.3923,0,0,0
0,0,0,3.1699,0,5.6387,0,0,0,0,6.068,3.1699,4,0,0
0,3.1699,3.1699,0,0,3.9069,0,0,0,0,6.3916,3.9069,0,0,0
0,3.1699,3.1699,0,0,5.4601,0,3.1699,0,0,5.7296,4.7004,3.1699,0,0
0,0,2.8074,3.7004,1,7.098,1.585,3,1.585,2,7.0334,4.3923,3.9069,1,0
1.585,0,0,4.7004,0,6.9869,0,4.0875,0,1.585,6.6707,4.3219,1.585,0,0
0,0,0,3.3219,0,6.432,0,2,0,4.3923,6.7301,3.9069,3.9069,0,0
0,0,3,4.4594,0,6.0184,4.2479,4.4594,0,2,6.6985,0,3.3219,2,0
0,0,0,4.585,0,6.388,0,3.1699,0,0,6.06,0,2.3219,2.3219,0
0,0,0,3.585,0,6.6421,3.585,3.585,0,0,6.3361,4.0875,3.585,0,0
2.3219,0,0,3.8074,0,6.5022,2.3219,0,3.3219,3.3219,6.3749,3.8074,3.3219,0,0
0,0,2.585,4.9069,0,6.1809,2.585,0,0,0,6.2627,3.4594,3.4594,0,0
0,0,0,2,0,6.816,0,4.0875,0,0,6.04,3.4594,4.0875,0,0
0,0,0,2.8074,0,6.7725,0,0,0,0,6.382,5.4594,0,0,0
0,0,0,4.585,0,7.0061,0,0,0,0,6.0947,2.8074,2.8074,0,0
0,0,0,3.7004,0,5.9146,0,0,0,0,6.1568,2.3219,4.2479,2.3219,0
2.585,0,0,2.585,0,5.8017,0,0,2.585,0,6.6538,4.8074,3.4594,0,0
0,0,0,0,0,6.0266,0,2.8074,0,2.8074,6.8195,4.858,4.858,0,0
0,0,0,2.3219,0,6.6975,2.3219,2.3219,0,2.3219,6.8467,3.585,4.2479,0,0
0,0,0,0,0,6.7886,2.8074,2.8074,2.8074,0,6.4845,5.8288,5.3219,0,0
0,0,3.8074,4.5546,0,5.9006,2.585,2.585,0,2.585,6.4712,4.7549,2.585,0,0
2.8074,4.3219,0,2.8074,0,6.4578,4.3219,0,0,2.8074,6.2909,4.3219,0,0,0
0,0,0,0,0,6.2227,0,3.8074,0,2.3219,6.3152,3.3219,3.8074,0,0
2.585,0,0,0,0,7.1524,0,0,0,0,6.3901,4.3219,3.3219,2.585,0
2.585,0,0,0,2.585,6.4499,0,4.0875,0,0,5.9986,4.0875,3.585,0,0
0,0,0,4.5546,2.585,6.1809,2.585,2.585,0,0,5.9547,4.3219,2.585,0,0
0,0,2.585,3.3219,0,5.5546,0,4.2479,0,0,6.1663,4.4594,0,0,0
0,0,0,0,3.4594,6.5295,0,3.4594,3.4594,0,6.3968,3.4594,4.4594,0,0
3,0,3,3.8074,0,6.0219,3,3.8074,0,0,5.8452,3,0,0,0
0,0,0,0,0,6.5705,0,0,3.1699,3.1699,5.8637,3.9069,3.1699,0,0
0,0,0,3.8074,0,6.0233,3.8074,3,3,3,6.5721,3,0,0,0
2,5.7576,0,3.585,0,6.2168,2,4.4263,2,4.1699,6.4851,4.4263,2,2,0
0,0,3.9069,0,0,6.4458,0,0,0,0,6.0011,3.9069,0,0,0
2.8074,0,0,5.2095,0,6.5008,2.8074,4.2479,0,0,6.3707,2.8074,0,0,0
0,0,3,3.4594,0,6.1707,0,3,0,4.4594,6.5564,5.4479,4.4594,0,0
0,0,2.585,0,0,6.1003,0,2.585,0,0,6.3496,4.7004,4.1699,0,0
2.8074,0,0,0,0,6.0281,0,0,2.8074,0,6.3674,4.4594,0,0,0
2,2,4.0875,0,0,4.9542,2,3.4594,0,3.4594,6.7778,3.4594,2,0,0
0,0,0,2.3219,2.3219,6.2188,3.9069,0,0,0,5.8472,2.3219,0,0,0
0,2,3.4594,3.4594,2,5.5786,0,0,0,3.4594,6.8279,3.4594,0,0,0
0,0,2.8074,0,0,5.6999,0,2.8074,0,4.0875,6.1653,5.0444,2.8074,0,0
0,0,2.8074,4.7004,0,4.7004,0,5.1293,2.8074,0,6.3832,4.1699,3.7004,0,0
0,0,0,3,0,6.1863,3,0,4.2479,0,6.6285,4.2479,4.2479,3,0
0,0,0,3,0,5.8997,0,0,0,3,5.9642,3,3.8074,0,0
2.3219,4.585,4.3923,4.1699,0,6.1663,0,0,0,2.3219,6.5165,4.3923,2.3219,2.3219,0
0,4.1699,0,0,0,6.4616,0,2.8074,0,0,6.5114,2.8074,0,0,0
0,0,3.9069,3.9069,0,6.4573,0,0,0,0,6.0972,4.4919,3.1699,3.1699,0
0,2,4.5236,4.5236,0,6.4976,2,3.4594,0,3.4594,6.6106,4.9542,2,0,0
0,0,3,3.7004,0,6.0982,0,3.7004,0,3,6.5523,3,3,0,0
0,0,4.0875,3.1699,3.1699,5.917,3.1699,0,0,3.1699,6.2589,5.8377,0,0,0
0,0,0,4.1699,0,6.191,0,3,0,3.7004,6.627,0,3,0,0
0,0,0,0,0,6.9765,3.3219,3.3219,0,0,6.1485,4,0,3.3219,0
0,0,0,0,0,6.3484,0,4,0,0,6.5795,4,0,0,0
0,0,0,0,0,5.9338,0,3.4594,0,0,5.7949,4.2479,0,0,0
0,0,0,4.5236,0,5.9291,0,0,0,3.1699,6.0005,0,0,0,0
0,0,4.9069,4.9069,0,6.5618,0,0,0,0,6.1338,3.8074,0,0,0
0,2.8074,0,2.8074,0,5.9584,0,4.7004,0,2.8074,6.0301,3.7004,0,0,0
0,0,0,4.585,2.3219,5.6156,2.3219,0,0,2.3219,7.0638,5.7159,2.3219,0,0
0,0,3.4594,3.9069,2.585,3.9069,2.585,2.585,0,2.585,6.374,4.4594,2.585,0,0
0,0,0,3.9069,2.3219,3.9069,0,0,0,0,6.5461,3.9069,0,0,0
0,0,0,0,0,5.7455,0,0,0,4.585,6.0498,0,4.585,0,0
0,2.585,2.585,2.585,0,5.8582,0,2.585,0,0,5.8582,0,2.585,0,0
0,4.3219,0,0,0,5.6662,0,2.8074,0,2.8074,6.5256,2.8074,4.3219,0,0
0,6.6026,5.0968,2.3219,0,3.7004,0,2.3219,0,2.3219,6.6852,4.585,3.1699,0,0
3.585,0,0,0,0,5.8367,0,0,0,0,6.0217,5.3576,0,0,0
0,6.8013,3.9069,4.5236,0,5.9243,0,2,0,0,6.3804,3.9069,0,2,0
2,0,0,3.4594,0,5.6559,2,3,3.4594,3.4594,6.8773,4.7549,3.4594,0,0
0,5.3809,1.585,4.3923,0,6.3254,0,3,0,0,7.0935,4.6147,3,1.585,0
0,0,2,2.8074,0,7.1058,0,3.7004,0,0,6.9271,4.7279,5.4263,0,0
0,6.6169,1.585,3.8074,0,6.8704,3.8074,4.858,0,1.585,6.994,5.3782,5.7024,0,0
0,0,0,3.1699,0,5.6738,4.8074,0,0,0,7.005,4.1699,4.585,0,0
0,0,2.8074,3.8074,0,5.4594,2,3.8074,0,2,6.7623,2,5.1699,2,0
0,0,0,0,0,4.8074,0,3.4594,0,0,6.7206,2,4.8074,0,0
0,0,0,3.585,0,3,2,2,2,3,6.9695,3,3.585,2,0
0,0,0,2,0,6.347,0,0,0,0,6.5478,4.7549,4.0875,0,0
2.585,0,0,4.2479,0,4.4594,4.2479,0,0,3.1699,6.739,5.3399,3.1699,0,0
0,0,0,4.6439,2.3219,6.323,0,2.3219,0,0,6.8407,4.1699,4.1699,0,0
0,0,2.585,0,0,6.0672,3.4594,2.585,0,0,6.6212,2.585,4,0,0
2.8074,0,0,3.4594,0,6.3735,0,4.4594,0,0,6.3735,2.8074,2.8074,0,0
0,2,0,4.0875,0,6.1371,3.585,4.585,0,3.585,6.5889,5.4594,5.5662,3.585,0
0,0,0,0,0,6.8632,3.4594,3.4594,0,0,6.6758,3.4594,5,0,0
0,0,3.585,5.2288,0,4.0875,0,2.3219,0,2.3219,6.7905,4.585,5,0,0
0,2.585,2.585,2.585,0,6.4596,2.585,4.585,0,2.585,6.0607,2.585,5.6011,0,0
0,0,2.585,3.3219,0,5.1085,0,3.9069,0,0,6.4451,2.585,2.585,2.585,0
0,0,3.4594,3.4594,0,5.729,0,4,0,0,6.501,2.585,4,0,0
0,0,2.3219,0,0,5.8931,0,5.8931,0,4.1699,6.6609,4.1699,5.5546,0,0
0,0,2,2,2,4.7004,3.8074,0,0,0,6.6925,4.3219,4.3219,3.3219,0
0,0,0,4.0875,0,6.2869,2,4.858,0,2,6.2869,4.6439,2,0,0
2.3219,2.3219,3.8074,2.3219,0,5.3041,0,3.1699,0,4.2479,6.8439,4.2479,3.8074,2.3219,0
0,0,3.8074,0,0,5.4439,0,4.3219,0,2.8074,6.745,3.8074,5.7988,0,0
0,0,3,3,0,4.858,0,0,0,0,6.2711,3,5.4449,3,0
0,0,0,3,0,6.1369,0,0,0,0,6.705,3.7004,4.8074,0,0
0,0,0,0,0,5.6924,0,3.585,0,3.585,6.5242,2.8074,0,2.8074,0
0,0,0,4.1699,0,4.1699,0,0,0,2.3219,6.7439,2.3219,4.4263,0,0
0,0,0,4.5236,0,5.5236,0,4,0,4.5236,6.845,4,4,0,0
0,0,0,4.3923,0,6.4959,0,3.8074,0,0,6.9473,4.3923,3.8074,0,0
0,0,0,0,0,2.585,0,2.585,0,4.4594,5.5619,0,2.585,0,0
0,0,0,0,0,5.5135,0,3.585,0,0,6.6095,0,4.9542,0,0
0,0,0,3,0,4.5236,0,0,0,3,6.7207,0,5.1379,0,0
1.585,1.585,1.585,4.0875,0,6.3439,1.585,3.1699,0,0,6.9754,4.6628,4.3923,0,0
1.585,0,0,3.8074,2.3219,7.3752,0,3.1699,2.3219,0,7.0127,4,5.2479,0,0
2.585,2.585,1.585,4.1293,0,7.4219,3.3923,2.585,0,3.1699,6.8336,3.585,4.3219,0,0
1.585,1.585,0,4.8074,0,6.9372,0,4.3923,0,3.585,6.5038,4.5441,2.585,0,0
1.585,0,0,4.1432,0,7.1909,2,3.3923,0,1.585,7.1763,4.3923,5.3147,1.585,0
0,0,2,4.585,2,7.5451,3,2.585,2.585,3,6.8223,3,5.1293,2,0
2,0,0,3.7004,0,6.9814,2.585,3.9069,2,2,6.6971,4.2479,4.2479,0,0
2.585,0,0,3.585,0,2.585,2,3.1699,0,0,6.4393,3.585,3.7549,0,0
1.585,0,1.585,3.4594,0,6.9456,3,0,0,0,6.9092,4.3923,5.2854,2.585,0
0,0,0,4.1293,0,6.6336,1.585,3,1.585,1.585,7.2071,3,4.9227,0,0
1.585,0,0,3.8074,0,7.413,3.3219,2.8074,0,1.585,7.084,4.8909,4.6439,0,0
2,0,2,3.858,0,6.5629,2.585,3.7004,0,0,6.6862,4.4594,5.6699,0,0
0,1,1,3.1699,0,6.483,2.3219,3,1,1,6.7155,4.7004,4.2479,1,0
0,0,0,2.8074,0,7.4415,2,0,0,2.8074,6.4227,3.3219,5.7268,2.8074,0
0,0,1.585,3.7004,1.585,7.1538,2.8074,1.585,4.6047,0,6.7891,4.7371,4.9695,0,0
0,1,1,4.2095,0,6.9353,0,0,0,1,6.8104,4.3923,5.4094,0,0
0,0,2.3219,3.9069,0,7.4066,3.7004,4.9542,0,4.0875,6.9526,2.8074,4.858,0,0
1,0,1,3.0875,1,6.3923,2.3219,4.0875,0,4.0875,6.9594,3.9069,3.3219,1,0
2,0,0,3,0,7.1897,0,3,2,3,6.455,3.585,5.2479,0,0
1.585,0,2.3219,3.9542,0,6.3298,1.585,2.8074,1.585,0,7.056,3.7004,4.4148,2.3219,0
0,4.1432,3,3.585,2,6.489,2,4,0,4.2728,7.3132,4.8074,4.6147,0,0
0,0,0,3.9069,0,6.7932,1.585,4.4809,2.585,1.585,7.2897,5.1699,4.3219,0,0
2,0,0,4.5546,0,7.1602,3.585,3.8074,0,0,7.0384,4.3219,5.1699,0,0
0,0,0,3.2479,0,5.5978,2,1,0,1,6.9051,5.0179,5.4333,1,0
2,0,0,3.9069,0,7.5234,0,2,0,0,6.4705,2,5.8053,0,0
3.3219,0,2,3.3219,0,6.5162,0,3.3219,2,2,6.2662,3.3219,4.585,2,0
0,0,0,3.585,0,6.3302,3.3219,2.3219,1.585,2.3219,6.5899,4.3923,3.585,2.3219,0
2.3219,0,2.3219,3.8074,0,6.3313,3.8074,4.0444,0,1.585,6.6618,5.0444,4.7903,2.8074,0
0,0,1.585,3.7004,0,7.1407,1.585,2.8074,2.8074,0,6.4303,3.4594,3.9069,0,0
1.585,0,1.585,3.3219,0,6.9113,0,1.585,1.585,3.3219,6.9832,4.2479,5.4263,0,0
0,0,2.585,3.7549,0,5.8412,3.1699,3.585,0,2.585,7.1027,4.3219,4.9069,0,0
0,0,2.8074,2,0,5.2891,2,3.1699,1,4.3923,6.5972,4.2854,5,3.1699,0
0,0,3.3219,2.8074,0,6.8942,0,3.3219,3.3219,0,6.5464,3.3219,4.8826,2.8074,0
1,4.8074,3.858,3.585,0,6.4588,2,0,1,4.0875,7.083,4.6439,4.8074,2.585,0
2,0,0,4.3219,2,6.6543,0,2,0,0,7.1037,3.9069,5.2353,2,0
0,0,0,3.9069,0,6.6574,2,0,0,0,6.2662,4.3219,4.5236,0,0
0,0,0,3,1.585,6.649,1.585,0,1.585,0,6.2369,3.9069,3.9069,0,0
0,0,0,4,1.585,5.4803,0,0,1.585,0,7.0441,4.4594,4.2479,3.585,0
2,0,0,3.3219,0,6.1066,2,3.8074,0,0,6.1741,3.8074,3.3219,0,0
0,7.6189,2.585,4.1699,2.585,7.501,2,2,0,3.1699,6.6191,4.1699,5.4709,0,0
0,0,2,4.3219,0,7.0327,3.1699,4.5236,0,0,6.8532,3.1699,3.585,0,0
0,3.8074,3.3219,2,0,6.8122,0,3.8074,2,3.8074,6.4825,4.2479,5.1799,0,0
0,0,2,2,0,6.6911,0,2.585,2.585,2,6.5809,3.7004,4.1699,0,0
0,0,2.9069,3.1699,2.9069,6.0139,1.585,2.9069,1.585,2.585,6.77,3.7004,5.1293,1.585,0
1.585,0,0,2.3219,1.585,6.7002,0,2.3219,0,2.3219,6.6737,3.4594,4.5236,0,0
0,0,0,3.9069,0,6.3289,2.3219,4.3219,1.585,1.585,7.1763,4.3219,5.2854,1.585,0
0,0,1.585,2.8074,2.3219,5.6554,0,2.3219,0,2.3219,6.8358,2.8074,4.2479,1.585,0
0,0,0,3.1699,2,6.7774,0,3.1699,0,0,6.4323,3.1699,5.0875,2,0
1.585,1.585,3.585,3.585,0,6.5557,1.585,0,0,3.585,6.7405,4.2479,3.8074,1.585,0
2,2,2,3,0,6.1112,0,4,0,2,6.3464,4.1699,4.8074,2,0
0,0,2,4.1699,0,5.3635,2.585,2,0,2,6.6924,2.585,4.1699,0,0
0,2,3.9069,0,0,5.675,2,2.8074,0,2.8074,6.4624,2.8074,4.1699,0,0
0,0,0,0,0,5.9062,0,0,0,0,0,0,0,0,0
0,0,3.3219,2.3219,0,6.3087,0,3.3219,0,0,6.1158,4.6439,3.3219,2.3219,0
0,0,0,2.585,0,6.6774,4.6724,2.585,3.4594,0,5.8063,3.4594,4.3923,2.585,0
0,0,0,2,0,5.9607,2,0,0,0,6.6584,2,4.3923,0,0
0,0,0,4.9069,0,7.105,2.3219,3,0,2.3219,5.1699,4.0875,4.4594,0,0
2.585,0,0,3.4594,0,6.2604,2.585,0,0,0,6.3043,4,4.7549,0,0
3.1699,0,0,0,0,6.4866,0,3.7004,2.3219,0,6.2426,4.0875,2.3219,2.3219,0
2,0,0,0,0,6.9211,2,0,2,0,6.439,3.4594,4.5236,0,0
0,0,3.3219,2.8074,0,6.7452,0,3.3219,0,2,6.4552,3.8074,5,0,0
0,0,0,0,0,6.2585,4.0875,0,0,2.585,5.9732,4.0875,4.7814,0,0
0,0,2.3219,0,0,6.5421,2.3219,4.2479,0,0,6.4284,4.2479,2.3219,0,0
0,0,0,4.5236,0,6.1691,2.8074,2.8074,2.8074,0,6.111,4.0875,4.3219,0,0
0,0,0,2,0,7.1552,3.8074,2,0,0,6.5836,3.8074,5.1293,0,0
0,0,0,4.6439,0,6.4912,0,2.585,0,0,6.6861,4.6439,4.3923,0,0
0,0,0,4.3219,0,7.0449,0,3.8074,0,0,6.6775,4.8074,4.585,2.585,0
0,0,0,4,0,6.7831,3.4594,0,0,0,6.4838,5.5922,5.4289,0,0
0,0,0,2.8074,0,6.682,0,4.5236,4.5236,0,5.7377,5.4263,5,0,0
0,0,0,5.4012,0,7.0881,3.1699,3.8074,3.8074,0,5.7358,5.2854,5.4925,0,0
2.8074,0,0,0,3.585,6.8936,0,3.585,0,0,5.8731,2.8074,4.0875,0,0
2.8074,0,0,4.9542,2.8074,6.5308,0,3.4594,3.4594,0,6.5308,4,5.4263,0,0
0,0,0,2.585,0,6.0613,3.9069,2.585,0,0,5.8585,2.585,5.1085,0,0
0,0,0,0,0,5.7806,0,3.585,0,0,6.3542,3.1699,5.1771,0,0
0,0,0,2,0,6.399,0,4.9069,0,2,6.1558,0,5.3923,0,0
2.3219,0,0,3.1699,0,6.5424,0,4.2479,2.3219,2.3219,6.3588,4.2479,5.6041,0,0
0,0,0,2.8074,0,6.2439,0,2.8074,3.4594,0,6.0657,2.8074,4.4594,0,0
0,0,0,4.585,2.3219,6.2941,3.7004,0,2.3219,2.3219,5.9488,5.2854,0,0,0
2.3219,2.3219,0,4.2479,0,6.3214,0,0,0,0,6.8053,4.2479,4.9542,0,0
0,0,0,4.2479,2.3219,5.8542,2.3219,3.7004,0,0,6.737,5.3056,6.0663,0,0
0,0,2.8074,2.8074,2.8074,7.029,0,4.6439,0,4.0875,6.2091,4.0875,2.8074,0,0
0,0,0,0,0,5.537,0,2.585,0,0,6.3087,4.5236,4.9542,0,0
0,0,0,3.8074,0,5.723,2.3219,4.8074,0,2.3219,7.0881,0,5.9729,2.3219,0
0,0,0,2.8074,0,6.5297,0,5.1898,0,0,5.7613,0,4,0,0
2.585,0,0,2.585,0,5.9038,4.2479,2.585,0,0,5.347,4.7004,4.2479,0,0
0,0,0,3.585,0,5.9738,2.8074,0,0,2.8074,6.7054,4.4594,4.0875,0,0
0,0,0,5.3576,0,6.5378,3.8074,3.8074,0,3,6.0704,4.3219,5.1293,0,0
0,0,2.3219,3.7549,0,4.9542,3.1699,4.9542,0,0,6.2168,5.1699,4.9542,2.3219,0
0,2.585,0,4.5236,2.585,6.6437,0,0,0,0,6.3001,5.4919,5.2668,0,0
0,0,0,0,3,6.4231,3,0,3,0,5.797,3.8074,3,3,0
0,0,0,3.7004,0,5.9035,3,3,0,3,5.8316,4.8074,3,0,0
0,0,0,5.4666,0,5.931,2,0,0,0,6.2817,3.8074,4.2479,0,0
0,0,2.8074,3.8074,0,7.0958,2.8074,0,0,0,6.0674,2.8074,5.3219,0,0
0,0,0,5.1293,0,6.2493,0,2.8074,0,0,6.363,2.8074,4.0875,0,0
2.8074,0,0,4.6439,0,5.8001,2.8074,2.8074,0,2.8074,6.1813,4.6439,4.1699,0,0
0,0,0,2.585,0,6.5065,0,0,0,0,5.8329,2.585,2.585,0,0
0,0,0,0,0,6.0951,0,2.8074,0,0,6.7925,3.7004,4.7004,0,0
0,0,3,3.7004,0,6.6904,0,3,0,0,5.8982,3.7004,0,0,0
0,0,0,0,0,6.7063,0,2.3219,0,0,6.7565,3.8074,5.3576,0,0
0,0,3,4.7549,0,5.7057,3,3.8074,0,0,6.5433,4.2479,3.8074,0,0
0,0,3.4594,5.1542,0,5.4542,2.585,3.4594,0,3.9069,6.3375,3.4594,5.1542,0,0
0,0,0,0,0,6.3445,3,4.1699,0,0,5.8232,3,0,0,0
0,0,0,4.0875,0,5.8143,0,0,2.585,0,6.3219,4.7004,4.0875,0,0
0,0,0,2.8074,0,5.4009,3.585,0,0,0,6.31,3.585,2.8074,0,0
0,0,0,4.2479,0,6.7266,0,0,0,0,6.1595,2.3219,0,0,0
0,0,0,0,2.8074,6.7413,0,0,0,2.8074,5.2479,4.1699,4.7004,0,0
0,0,0,2.8074,0,6.7057,0,2.8074,0,0,6.4145,4.3219,4.8074,0,0
0,2.585,0,3.8074,0,5.6223,0,0,0,0,6.6508,5.0444,5.0444,0,0
0,0,0,0,0,6.1765,3.1699,3.1699,0,0,6.7964,4.5236,3.1699,0,0
0,0,0,3.7004,0,5.9352,0,4.585,0,0,5.8306,3.7004,0,0,0
0,0,0,4.0875,3,7.0445,0,0,0,0,6.2277,3,2,2,0
0,1.585,1.585,4.585,0,7.0581,5,3.7004,0,0,6.1691,3.1699,0,0,0
0,2,0,2,0,5.8344,2,0,0,2,6.3776,2,4.3219,3,0
0,0,0,2.8074,0,5.3677,2,2.8074,0,2,6.3154,4.9773,3.9069,0,0
0,0,0,0,2.3219,6.3693,2.3219,2.3219,2.3219,2.3219,6.2602,5.1293,4,2.8074,0
3,0,2.3219,3,0,5.9272,2.3219,4.0875,0,0,6.3067,3.585,0,0,0
0,0,0,4.1699,2.3219,6.5159,3.585,4.3923,3.585,2.3219,6.4811,5,4.3923,0,0
0,0,0,2.585,0,6.9327,3.585,3.585,0,0,6.3633,5.4915,2.585,0,0
0,0,2.585,0,0,6.3745,4.7549,3.4594,0,0,6.009,5.5179,4.5236,0,0
0,0,0,4.3219,0,5.1699,2,3.8074,0,0,6.3377,3.3923,2.8074,0,0
0,0,0,0,0,6.2972,2.3219,4.2095,0,0,6.9744,4.858,2.8074,0,0
0,4.8074,3.8074,3.8074,0,5.8435,2,3.3219,0,4.2479,6.1647,3.3219,2,0,0
0,0,0,4.3923,0,6.4557,4.3923,0,0,0,6.4959,3.9069,0,0,0
2.585,0,2.585,5.0875,2.585,6.1591,2.585,3.3219,0,0,6.2118,3.3219,3.8074,2.585,0
2.8074,0,0,2.8074,0,6.2048,2.8074,3.4594,0,0,6.0674,4,0,0,0
0,0,2,3.4594,2,6.1156,0,4,2,0,6.3796,3.4594,4,0,0
0,0,0,3,0,6.1305,0,3,0,3,5.9986,3.8074,3.8074,0,0
0,0,0,3.9069,0,6.6417,0,0,0,0,5.8662,0,4.4594,0,0
0,0,0,4.9069,0,6.023,3.1699,0,0,0,6.0896,5.1293,3.1699,0,0
0,0,0,4.0875,0,5.634,0,0,0,3.585,6.58,3.585,2.3219,0,0
1.585,0,2.3219,3.8074,0,5.3954,4,0,0,4.6865,7.0156,4.3923,4.8704,0,0
0,0,0,4.0444,0,7.7739,2,0,0,3.3219,6.4994,4.2479,3.3219,0,0
0,0,0,3,0,6.8694,3,2,2,2,6.8019,3.3219,4.7004,0,0
0,0,2,2.8074,0,5.8755,3.8074,2.8074,2.8074,2,7.2096,4.9695,5.3459,0,0
3.1699,0,0,4.4919,0,5.7787,0,3.8074,0,1.585,7.1102,4.2479,4.7004,1.585,0
2,0,0,3.8074,2,6.4856,2,2,0,0,6.8622,3,3,0,0
0,0,0,3.3219,0,6.9844,0,4.0444,0,2,6.962,4.7004,3.3219,0,0
0,0,0,4.8826,0,6.3785,1.585,0,3.1699,0,6.7147,4.2479,1.585,0,0
0,0,0,3.9069,0,6.0121,2.3219,2.3219,0,2.3219,6.7093,3.9069,3,0,0
0,0,0,2,2,4.9388,2.8074,2,0,0,6.4413,2.8074,0,0,0
0,0,0,4.585,0,6.4736,0,2,0,0,6.633,4.3219,3.8074,0,0
0,0,0,2.3219,0,6.7231,2.3219,0,0,0,6.306,4.7004,3.3219,0,0
0,2.3219,0,0,0,6.8466,3,2.3219,2.3219,0,6.6382,4.1699,4.1699,2.3219,0
0,0,0,3.4594,2,4.6439,4,4.2095,0,2,6.5103,3,4,0,0
0,0,0,3.1699,0,6.5035,3.1699,2.3219,3.1699,2.3219,6.7417,3.1699,5.2479,2.3219,0
2.3219,0,0,2.3219,2.3219,5.0875,3.3219,3.3219,0,4.0875,6.4405,4.7004,3.8074,0,0
0,0,0,2.585,0,6.4429,3.8074,0,0,2.585,6.8331,3.8074,5.3576,0,0
0,0,0,3.1699,0,5.4263,2.3219,2.3219,0,0,6.4862,4.9307,0,0,0
0,0,0,3.585,0,6.0299,3,2.3219,0,2.3219,6.1619,3.585,3.585,0,0
0,0,0,2.3219,0,5.9759,0,0,0,3.1699,6.6119,5.2668,3.1699,0,0
0,0,0,4.0875,0,5.3038,2,3.585,0,2,6.7101,4.0875,3.585,0,0
0,0,0,1.585,0,5.6744,3.8074,3.1699,0,1.585,7.0014,4.4919,3.1699,0,0
2.3219,0,2.3219,0,0,5.2854,3.1699,4.858,0,3.7004,6.2979,3.1699,0,0,0
0,0,4,3,0,5.5668,3,4,0,3,7.0741,4,5.4951,0,0
0,0,0,3.7004,0,5.8985,3.1699,2.3219,2.3219,4.1699,6.5118,3.7004,2.3219,0,0
0,0,0,2.585,0,5.6244,3.4594,2.585,0,0,6.0781,2.585,2.585,2.585,0
0,0,2.8074,4.0875,0,5.8875,2.8074,3.585,0,2.8074,6.0944,5.5783,5,0,0
0,0,2.8074,2,0,5.3796,2,2,2,2,6.3686,2.8074,4.7549,2,0
0,0,0,2.585,0,6.4099,0,0,0,0,6.68,4.9542,4,2.585,0
0,0,0,4.9069,0,6.776,2.585,0,0,2.585,6.6207,4.9069,5.5537,2.585,0
0,0,0,4.5236,0,6.4494,2.8074,4,0,2.8074,6.8195,4,3.585,0,0
2.8074,0,0,4.0875,0,5.7669,2.8074,2.8074,2.8074,2.8074,6.7196,3.585,5.0875,0,0
2.8074,0,0,0,0,6.1942,4,0,0,2.8074,6.6201,4,5.517,0,0
0,0,0,3.9069,2,5.0875,2,0,0,0,6.6292,2,4.2095,2,0
0,3,2,4.4594,2,6.8065,2,3,0,3,6.1357,4,4.7004,0,0
0,3.585,0,4.585,0,6.0492,0,2.585,0,0,6.9091,4.0875,5.5342,0,0
2.3219,0,0,3.7004,0,6.2392,2.3219,0,0,2.3219,7.0402,2.3219,5.375,2.3219,0
0,0,2.3219,0,0,4.585,0,3.1699,0,2.3219,6.7916,4.0875,4.585,0,0
0,0,0,4.4594,0,6.6584,2.585,0,3.4594,2.585,6.2683,4.7279,2.585,2.585,0
0,0,0,4.3923,0,5.1566,0,0,0,4,6.3516,3.4594,5.1566,0,0
0,2.3219,2.3219,3.7004,0,4.9307,2.3219,4.7004,0,3.7004,6.3944,4.7004,2.3219,2.3219,0
0,0,2.8074,0,0,6.0821,0,2.8074,2.8074,4.0875,6.9729,4.0875,0,0,0
0,0,0,2.585,0,5.8948,3.3219,0,0,3.3219,6.5774,4.4594,4.7004,0,0
0,0,2.585,2.585,0,5.6798,3.3219,2.585,0,3.3219,6.5173,4.8074,3.8074,0,0
0,0,0,4.3923,0,6.3096,2.3219,2.3219,0,2.3219,6.4376,3.9069,4.3923,2.3219,0
0,0,0,2.585,0,5.9932,3.4594,0,0,5.1898,6.7696,4,3.4594,0,0
0,0,0,0,0,5.4915,3.8074,0,0,3,6.2275,5.3923,3,0,0
0,0,0,3.7004,0,5.8625,2.3219,3.1699,0,3.7004,6.7837,3.1699,4.8329,0,0
0,0,2.8074,3.585,0,5.5236,4.585,0,0,0,6.7758,4.858,4.585,0,0
0,0,0,3.3219,0,3.3219,0,0,0,4.8074,6.7474,3.3219,3.3219,2.3219,0
0,0,0,0,0,6.9612,0,0,0,3,6.3076,5.7145,5.5598,0,0
0,0,0,0,0,5.7301,0,3.3219,0,4.6724,6.503,3.3219,0,2.585,0
4,2.8074,0,2.8074,0,6.7565,0,0,0,2.8074,6.8766,0,4.585,0,0
3.585,0,0,3.585,2.8074,5.7975,0,0,0,3.585,6.6237,3.585,5.5859,0,0
0,0,0,0,0,5.954,3.7004,2.585,0,2.585,6.697,3.7004,4.585,0,0
0,0,0,4.1699,0,0,0,3.4594,0,4.858,6.6033,3.4594,4.858,0,0
0,0,0,0,0,6.5749,2.585,0,0,3.8074,6.2317,4.4594,3.8074,0,0
0,0,0,4.0875,0,5.5333,0,2.3219,0,0,6.9325,5.2288,3.585,0,0
0,0,0,3,0,6.5339,0,4.3923,0,3,6.4882,3,4.3923,0,0
0,0,0,4.3923,0,6.5776,2.3219,0,0,0,6.9654,3.9069,5.1898,0,0
0,0,0,3,0,6.4221,0,3.9069,0,3.9069,6.5159,0,0,0,0
0,0,2.8074,2.8074,0,5.7233,0,2.8074,0,3.9069,6.0283,0,5.4263,3.9069,0
0,3,0,3,0,5.5014,3,3.8074,0,0,6.8487,0,4.4594,0,0
0,0,2.8074,3.8074,0,5.1085,0,0,0,0,6.6582,5.1085,4.858,0,0
0,0,0,2.3219,0,5.3576,2.3219,3.7004,2.3219,4.858,6.9606,2.3219,4.858,0,0
0,0,0,5.5157,0,5.5157,0,0,0,0,6.8736,4.4594,4.9542,2.8074,0
0,0,0,0,0,4.9828,3.3219,0,3.3219,0,5.7038,4.2479,3.3219,0,0
0,0,0,0,0,5.2574,0,0,0,0,6.2434,0,0,0,0
1.585,0,1,3.8748,1,7.3092,1.585,3.7366,2.3219,0,6.9381,4.2227,4.2227,0,1
0,0,0,2.3219,0,5.5868,2,4.5236,2.3219,0,7.1942,3.4594,4.858,0,1
2.3219,0,0,2.8074,0,6.905,3.9069,2.3219,0,2.3219,6.2081,3.4594,2.3219,0,1
0,0,0,3,3,6.5863,0,0,0,0,6.6163,4.7279,3.585,0,1
0,0,0,3.8074,0,7.0082,2.585,4.1699,0,2.585,6.2313,5.0444,4.858,0,1
0,0,0,4,0,6.4239,3.585,0,0,2,6.591,5.2854,3,0,1
0,0,0,2,0,6.1387,3,3.9069,0,2,6.6614,5.0734,3.4594,2,1
0,0,2,3.4594,0,5.2392,3.4594,4.2479,2,0,6.9029,3.8074,2.8074,0,1
0,0,2,4.3219,0,5.0444,3.3219,3.3219,0,0,6.3357,4.3219,2,2,1
0,0,0,5.0875,2.3219,0,3.4594,2.3219,0,0,6.2321,4.3923,3.4594,0,1
0,1.585,1.585,4.4919,0,5.1997,0,3.4594,0,2.8074,6.4689,3.4594,2.8074,0,1
0,0,0,4.2479,0,5.2761,0,3.7004,0,0,5.9074,3.1699,0,2.3219,1
0,0,0,4.4594,0,6.3027,3.4594,0,0,2.585,6.6004,4.6724,4,0,1
0,0,0,4.1699,0,5.5333,3.1699,2,3.1699,0,6.5435,3.1699,3.7004,0,1
0,0,0,2.3219,0,6.1422,2.3219,3.1699,3.1699,0,6.6101,5,4.7814,0,1
0,0,0,4.2479,0,5.4253,4.2479,2.8074,0,0,6.6154,5.1946,4.2479,0,1
0,0,0,2.3219,0,6.7565,2.3219,3.7004,0,0,6.8169,4.5236,4.1699,0,1
0,0,0,3.1699,0,6.0766,4.0875,2.3219,0,2.3219,6.5827,3.1699,3.585,0,1
0,3.8074,2.8074,3.3219,0,6.6645,2,3.8074,2.8074,2,6.8151,4.7004,2.8074,0,1
0,0,3.8074,4.3923,0,6.2887,2.585,2.585,0,0,6.4466,4.8074,2.585,0,1
0,0,0,3.8074,0,5.4699,3.3219,2,0,0,6.3537,4.2479,3.3219,0,1
0,0,2,2.8074,0,5.5494,0,2,0,2,6.3763,4.2479,2.8074,0,1
0,0,2.3219,3.1699,2.3219,5.5258,0,3.1699,0,0,6.4547,4.1293,4.1293,0,1
0,0,0,2.585,0,6.8457,2.585,4,0,2.585,6.2273,5.5223,2.585,0,1
0,0,2,4.4594,0,6.8542,3.4594,4,0,0,6.1803,5.3937,5.2854,2,1
2.3219,0,0,2.3219,3.3219,5.3621,0,4.4919,3.3219,0,6.5248,4.4919,0,0,1
0,2,0,4.3219,0,4.8074,3.9069,2,2,0,6.1679,4.3219,3.9069,0,1
3.4594,0,0,0,0,6.5538,0,4,4,0,6.3682,4.4594,2.3219,0,1
0,0,0,2,0,7.0085,0,2,3.4594,2,6.7252,5.3576,3.4594,0,1
0,0,0,2.585,0,6.7116,2.585,4.3923,0,0,6.3054,5.1293,3.4594,0,1
0,0,2.8074,3.9069,0,6.5895,2.8074,3.9069,0,0,6.5895,0,2.8074,0,1
0,0,0,4.858,0,6.3546,0,3.9069,0,0,6.3546,4.858,4.858,0,1
0,0,2,4.7004,0,5.3509,3.3219,2.8074,0,0,6.0745,5.1293,2.8074,0,1
3.3219,0,3.3219,0,0,5.9577,3.3219,2.3219,0,2.3219,6.0721,4.3219,5,0,1
2.3219,0,2.3219,2.3219,0,6.9086,0,3.585,0,0,6.3797,5.1699,4.1699,0,1
0,0,2,2,0,5.7714,0,5.0661,2,0,6.4491,3.3219,2,0,1
1.585,0,0,4.2479,0,5.7071,3.3219,0,0,0,6.5549,1.585,1.585,0,1
0,0,2.3219,4.2479,0,5.7344,2.3219,0,2.3219,2.3219,6.5401,4.9069,2.3219,0,1
0,0,2,2,0,5.2067,0,0,2,0,6.7158,2,4.2479,2,1
0,0,0,0,0,5.6259,3,3,2.3219,0,6.4767,4.585,2.3219,0,1
0,0,0,0,0,5.8445,2.585,3.3219,2.585,0,6.332,5.0661,2.585,0,1
0,0,0,5.0875,1.585,6.4954,1.585,0,0,3.4594,6.6069,4.6439,4.6439,0,1
0,0,0,3.9069,0,6.4194,0,3.9069,2,0,6.4588,4.3923,4.858,0,1
0,0,0,2.3219,0,5.0875,3.7004,3.1699,2.3219,3.1699,6.0047,4.1699,3.1699,0,1
0,0,0,4.5546,0,6.1497,0,2.585,0,0,6.4472,2.585,4.5546,0,1
0,0,0,3.9069,0,5,0,3.1699,4.5236,0,6.6294,4.0875,4.5236,0,1
0,0,0,4.7549,0,5.7806,0,3.1699,0,2.585,6.0085,3.8074,2.585,0,1
3,0,0,3.8074,0,6.132,3.8074,3,3.8074,0,6.7323,3,3.8074,0,1
0,0,0,3,0,7.1693,0,3,0,0,6.0826,5.1497,3.9069,0,1
0,0,0,4.1699,0,5.9775,0,4.1699,2,0,6.8006,3.585,3.585,0,1
0,0,0,2,0,6.0029,0,3.585,3.585,0,6.0029,4.0875,4.0875,0,1
3.7004,0,0,0,0,6.339,0,0,0,0,6.126,4.5236,3.7004,0,1
2.8074,0,0,3.585,0,5.2946,0,3.585,2.8074,0,6.4612,4.0875,2.8074,0,1
0,0,0,4.8074,0,5.7151,3,3.8074,0,0,6.1731,4.8074,0,0,1
0,0,0,0,0,5.9754,0,2.3219,0,0,5.8985,4.5236,2.3219,2.3219,1
0,4.9069,3.3219,4.3923,0,4.9069,0,2.3219,0,2.3219,5.8225,3.3219,0,0,1
0,0,0,4.6439,0,5.9773,0,0,0,0,5.9773,0,0,0,1
0,0,0,3.8074,0,6.4487,0,0,2.8074,0,6.4487,5.2479,0,0,1
2.8074,2.8074,2.8074,2.8074,0,6.417,2.8074,2.8074,0,2.8074,6.2424,4.585,2.8074,2.8074,1
0,0,0,0,0,5.2668,0,0,0,0,6.155,4.6439,2.8074,0,1
2.585,0,0,3.3219,0,6.258,2.585,0,0,2.585,6.0005,4.3923,0,0,1
0,0,2.8074,2.8074,0,6.2462,0,3.7004,0,4.2479,6.3457,0,0,0,1
0,0,2.585,2.585,0,5.5546,0,0,0,0,5.8061,2.585,0,0,1
0,0,4.0875,4.0875,0,6.3259,0,2.8074,0,4.0875,5.7714,4.0875,2.8074,0,1
0,0,3.7004,4.0875,2.8074,5.8883,0,2.8074,2.8074,0,6.8163,5.6162,4.0875,0,1
0,0,0,3.1699,0,5.7184,3.1699,0,0,0,6.3395,5.5546,4,0,1
0,0,0,3.585,0,5.6008,0,0,0,3.585,6.2434,3.585,0,0,1
0,0,0,2.3219,0,4.0875,2.3219,0,2.3219,0,6.4291,0,0,0,1
3,0,0,3,0,6.3243,3,0,0,0,5.9371,5.1293,0,0,1
0,0,0,0,0,5.6963,3.1699,0,0,0,5.7821,4.5236,3.1699,0,1
0,0,0,2.3219,0,6.1801,0,2.3219,0,4.0875,6.1801,2.3219,0,0,1
0,0,0,0,0,6.2382,0,0,0,0,6.1797,4.0875,0,0,1
0,0,0,0,0,5.0875,0,0,0,0,6.0503,5.0875,0,0,1
0,0,0,5,0,6.1183,0,0,0,0,6.052,5,0,0,1
0,0,0,4.5236,0,5.7669,0,4,0,3.1699,6.116,4,3.1699,3.1699,1
0,0,0,4.0875,2.8074,5.0444,4.585,0,2.8074,2.8074,6.5148,4.585,0,2.8074,1
0,0,2.8074,4.585,0,4.858,0,0,2.8074,0,5.9326,2.8074,0,0,1
4.1699,0,0,4.1699,0,6.2038,2.8074,2.8074,2.8074,0,6.6283,2.8074,0,0,1
0,0,0,3.585,0,5.8775,2.8074,4.1293,2.8074,0,6.5239,5.2854,2.8074,0,1
3.3219,0,0,0,0,5.742,0,3.3219,0,0,6.1615,0,0,0,1
0,0,3.1699,0,0,5.4594,0,0,0,0,6.0268,3.9069,3.1699,0,1
0,0,0,3.8074,0,5.0875,0,3.8074,0,2,6.0522,5.4216,0,0,1
0,2.585,3.3219,4.9542,0,5.6282,2.585,2.585,0,0,6.3356,3.3219,0,0,1
0,0,0,2.8074,0,6.6196,0,0,0,0,5.9248,4.1699,4.1699,0,1
0,0,0,4.0875,0,5.2854,0,0,0,0,6.2512,5.0444,0,0,1
0,0,0,0,2.3219,5.7393,4.0875,4.0875,0,0,6.4017,2.3219,0,2.3219,1
0,0,3,0,0,5.769,0,0,3,0,6.1548,3,0,0,1
0,0,0,4.585,2.585,5.4594,0,0,4.0875,2.585,6.4845,4.8074,0,0,1
0,0,0,0,0,5.8138,0,0,3.4594,0,5.9764,5.2854,0,0,1
0,0,0,4.3219,3.1699,4.3219,3.9069,3.1699,0,0,5.9809,0,4.3219,0,1
0,0,3.3219,3.3219,3.3219,5.9357,0,0,0,0,6.0766,4.0875,4.0875,0,1
0,0,0,2.585,0,4.8074,2.585,3.4594,3.4594,0,6.6837,2.585,2.585,0,1
0,0,0,0,3.3219,5.6999,3.3219,0,0,3.3219,6.5056,4.5236,3.3219,0,1
0,0,0,2.8074,0,5.4995,0,3.8074,0,0,6.6628,3.8074,4.3219,0,1
0,0,3.8074,0,0,5.3219,0,3.8074,0,0,6.5841,4.8074,2,0,1
0,0,0,0,0,4.0875,0,0,0,4.0875,6.0261,4.0875,2.585,0,1
0,0,0,3.3219,0,5.8824,3.3219,4,3.3219,0,6.2451,4,0,0,1
0,0,0,0,0,5.4571,0,3,0,0,6.1564,3.8074,3,0,1
0,0,0,4.585,0,5.0875,0,3.1699,0,0,6.1585,3.1699,3.1699,0,1
0,0,0,0,3,5.3219,0,4.2479,3,3,5.6963,3,3,0,1
0,4.9542,2.585,4.0875,0,6.1158,0,4.0875,0,2.585,5.6605,4.0875,2.585,0,1
0,6.2411,3.7004,4.7549,0,5.9563,0,0,3.7004,0,6.1522,4.7549,4.2479,0,1
0,0,2.8074,0,0,6.2211,0,0,0,0,5.9201,2.8074,2.8074,2.8074,1
0,0,0,0,0,5.517,0,0,0,0,5.6311,0,0,0,1
0,0,0,2.585,0,5.3607,0,0,0,0,5.7936,4.2479,0,0,1
0,3.1699,4.0875,4.0875,0,6.4653,3.1699,3.1699,0,3.1699,6.3782,4.585,3.1699,0,1
0,0,2.3219,2.3219,0,5.2098,0,0,0,0,5.7554,2.3219,0,0,1
0,0,0,5.4647,0,5.7407,3.3219,0,0,0,5.9722,3.3219,0,0,1
0,0,0,3.4594,0,5.8006,0,0,0,0,6.1495,4.3219,4.3219,3.4594,1
2,0,3.7004,4.1699,2.8074,6.1705,0,3.1699,0,2,6.4906,5.0875,3.1699,0,1
0,1.585,0,4.6147,0,5.9745,1.585,3.4594,3.4594,4.3923,6.5758,5.3576,1.585,1.585,1
0,0,0,4.3923,0,6.1803,0,0,0,0,6.4128,5.0875,3.4594,0,1
0,0,0,3.7004,2.8074,4.4263,2.8074,0,2,0,6.3187,4.6439,0,2,1
0,0,4,3.4594,2,5.904,0,0,0,2,6.6175,4.4594,2,0,1
0,0,0,5.0444,0,4.6147,0,0,0,1.585,6.4519,4.6147,1.585,0,1
0,0,0,3.585,0,5.7004,0,4.1699,0,0,6.4581,3.585,2,0,1
0,0,2.585,0,0,6.2122,2.585,3.585,3.585,2.585,6.2122,4.0875,3.585,0,1
0,3.9069,0,0,0,5.9284,3.4594,0,0,2.585,6.0244,4.8074,3.4594,0,1
0,0,0,3.8074,0,5.6174,0,0,0,0,6.6035,4.2479,2.585,2.585,1
0,0,0,3.1699,2,4.5236,3.1699,0,2,2,6.4165,4.7549,2,2,1
0,0,3.1699,3.1699,2.3219,5.823,0,2.3219,0,4.8826,6.6008,3.7004,3.1699,0,1
0,0,2.3219,4.7004,0,5.585,0,0,0,0,6.3439,3.8074,0,0,1
0,0,0,2.585,0,5.8718,0,2.585,0,0,6.3005,4.4594,3.4594,0,1
0,0,2,2,0,5.8412,0,0,0,0,6.1169,3.8074,0,0,1
0,0,0,4.2479,0,5.8567,0,4.5236,0,0,6.2819,4.5236,0,0,1
0,0,1.585,3.4594,0,5.5913,0,1.585,0,0,6.3145,4.5236,4.0875,1.585,1
0,0,0,2.3219,0,5.585,0,2.3219,2.3219,2.3219,5.8878,4.7549,2.3219,0,1
0,3.3219,0,5,2.585,5,0,0,0,3.3219,6.6991,0,2.585,0,1
2,2.8074,2,4.0444,0,5.5625,4.0444,0,0,0,6.7211,3.8074,5,0,1
0,0,0,3.1699,0,6.4752,0,3.1699,0,2.3219,6.1485,2.3219,3.7004,0,1
0,0,0,4.2479,0,5.5996,0,4.2479,0,4.4594,6.3271,4.4594,5.2479,0,1
0,0,0,3.4594,0,5.8081,4.4594,4.4594,2,0,6.5356,2,5.1898,0,1
0,0,0,4.5236,2.3219,6.3183,2.3219,3,0,0,6.8052,3.6439,4.7814,2.3219,1
0,0,0,3.3219,2,2,4.0444,2.8074,0,3.8074,6.2566,4.9307,2,0,1
0,0,0,3.8074,0,5.7824,3.8074,3.8074,2.3219,4.2479,6.4906,3.1699,5.1293,3.1699,1
2.3219,0,3.585,4,0,5.5975,0,2.3219,0,3.585,6.3343,4,4.4594,0,1
0,0,2.8074,2.8074,0,3.3219,2.8074,2.8074,0,0,6.614,3.3219,0,0,1
0,0,0,2.3219,2.3219,5.1293,2.3219,4.2479,3.1699,0,6.513,4.2479,3.1699,0,1
2.3219,0,2.3219,4.3219,0,6.6453,0,2.3219,0,0,6.5105,4.5236,3.4594,0,1
0,0,2,2.8074,0,4.0875,0,2,2.8074,5.3653,6.7021,4.0875,4.3219,0,1
0,0,0,3.4594,0,6.4514,0,2,0,2,6.0424,5.0875,5.0875,3.9069,1
0,0,0,4.4594,2.3219,7.0611,3,0,3,2.3219,6.35,4.4594,3,0,1
0,0,0,4.0875,0,5.2668,3.4594,4.3219,0,0,7.079,4.3219,4.5236,0,1
3,0,0,4.0875,0,2,0,2,0,4.0875,6.4386,3,0,0,1
0,0,0,0,0,4.9307,3.1699,3.8074,0,2,6.5452,5.1293,3.8074,0,1
0,0,2.3219,2.3219,0,5.392,3.4594,2.3219,0,4.3923,6.0648,4.9069,4.3923,0,1
0,0,0,3.4594,0,4.9069,2.585,4.5236,0,0,5.9939,4,2.585,0,1
0,0,0,3.585,0,5.0444,0,0,0,2,6.9254,3.585,4.1699,2,1
2,3.4594,2,5.1699,0,6.0054,0,4,0,4,6.4002,4.5236,3.4594,2,1
0,0,0,4.585,0,4.0875,3,3,2.3219,0,6.4519,2.3219,5.0444,0,1
0,0,3.4594,3.9069,0,5.5546,3.9069,4.3923,0,2.585,6.4433,3.4594,5.0875,0,1
0,0,3.4594,0,2.585,6.0667,0,4,0,2.585,6.5847,3.4594,4.7004,0,1
0,0,2.3219,4.1699,0,5.9191,4.3923,2.3219,0,2.3219,6.4209,5.2668,4.3923,0,1
0,0,0,3.3219,0,4.5236,3.8074,3.8074,0,2.3219,6.7002,3.8074,4.2479,0,1
0,0,2.3219,4.6439,0,4.858,2.3219,2.3219,0,0,6.5051,4.1699,3.585,0,1
0,0,2.585,3.9069,0,6.0477,2.585,3.3219,0,0,6.8817,4.4594,5.3576,0,1
0,0,2.585,4.9069,0,5.9329,0,2.585,2.585,2.585,6.6185,2.585,2.585,0,1
0,0,2.3219,0,2.3219,4.7004,0,3.1699,2.3219,2.3219,6.5729,4.7004,4.9307,0,1
0,0,0,2,0,4.3219,4.3219,3.3219,0,2,6.9329,3.9069,3.3219,2,1
2.3219,0,0,0,0,5.7827,0,2.3219,0,0,7.0245,3.8074,5.2854,0,1
3,0,3,3,0,5.8989,3,0,0,0,6.721,3.8074,0,0,1
0,0,0,2.585,2.585,4.9069,0,2.585,0,2.585,6.0168,2.585,3.9069,0,1
0,0,2.8074,0,0,6.1383,0,0,0,4,6.8769,5.0444,5.2854,0,1
0,0,0,3.3219,0,3.8074,3.8074,2.3219,0,2.3219,6.5596,3.8074,5.5116,2.3219,1
2.585,0,3.8074,2.585,0,5.2854,4.8074,0,0,3.8074,6.3928,5.2854,4.8074,0,1
0,0,0,4,0,5.4594,0,0,0,0,6.6679,3.4594,2.8074,0,1
2,0,0,4.4594,0,3.4594,2,2,0,0,6.0866,4.7279,0,0,1
0,0,3.585,4.0875,0,3,0,0,3,3.585,6.9657,5.1052,4.3219,0,1
2,0,3,3,0,6.1797,2,3,0,2,6.7419,4.4263,2,0,1
0,0,2.3219,3.9069,0,5.8377,3.9069,0,0,0,6.5106,2.3219,2.3219,0,1
0,0,0,3,0,6.1781,3,3,0,3,5.7803,4.3923,3.9069,0,1
0,0,4.585,2.585,0,5.0875,0,0,2.585,4.0875,6.4345,2.585,0,2.585,1
0,0,2.585,3.4594,0,6.3801,3.4594,2.585,0,0,6.3801,5.0875,5.3038,0,1
0,0,0,3.8074,2.8074,5.7312,2.8074,3.8074,0,0,6.5121,2.8074,2.8074,0,1
0,0,2.3219,3.3219,0,5.1085,2.3219,0,0,0,6.5395,4.3923,0,0,1
0,2,3.585,3,2,5.2114,0,3,0,4.0875,6.4391,3.585,3.585,0,1
0,0,3.3219,4.3923,2.585,6.2462,3.3219,0,0,4.6439,5.978,4.3923,4.6439,2.585,1
0,0,3.9069,0,3.1699,5.4653,0,3.1699,3.1699,3.1699,6.3054,4.858,5.1293,0,1
0,0,0,4.1699,0,5.839,4.1699,0,0,0,6.285,4.1699,4.1699,0,1
2.8074,0,0,4.8074,0,5.7554,4.2479,0,0,2.8074,6.2466,2.8074,2.8074,0,1
3,0,0,3,0,5.2854,3.8074,3,0,3.8074,6.2028,4.3219,3,0,1
0,0,0,3.8074,0,4.8074,3,0,0,3,6.4421,4.3219,5.3923,0,1
0,0,0,0,0,4.9069,0,0,0,3,6.0079,0,4.3219,0,1
0,0,0,2.8074,0,4.9069,0,2.8074,0,2.8074,6.1363,4.4594,2.8074,0,1
0,0,0,3.7004,0,4.1699,0,3,3.7004,3,6.609,4.1699,4.1699,0,1
0,0,0,0,0,6.0144,3,3.8074,0,3,6.4883,4.3219,3,0,1
0,0,0,0,0,5.6088,0,2.8074,0,0,6.5188,0,0,0,1
0,0,4.0875,4.0875,0,2.585,0,0,0,0,6.3023,0,2.585,0,1
0,0,3.7004,0,0,5.8427,0,0,0,0,5.7434,3.7004,0,0,1
3.3219,0,0,4.9069,0,0,0,0,0,3.3219,5.3027,3.3219,5.1285,0,1
0,0,0,0,0,4.585,0,0,0,0,5.9773,0,4.585,0,1
0,0,0,0,0,5.2854,0,0,0,0,0,0,5.2854,0,1
0,0,1.585,4,0,5.5774,2.3219,2.8074,0,1.585,6.5901,4.7004,3.8074,0,1
0,0,2.585,3.4594,2,6.1855,3.1699,3.1699,3.4594,2,6.3384,2.585,0,2,1
0,0,2.8074,3.8074,0,6.2159,0,2,2,0,6.5874,4.2479,3.4594,2,1
0,0,3.585,3,0,6.3379,2,3,0,3,6.7447,5.0299,3,0,1
0,0,2,3.585,3,4.2479,2,3,0,2,6.5552,3.585,3,2,1
0,0,0,3.1699,0,6.3027,3.1699,3.7004,0,0,6.6196,4.0875,4.0875,0,1
0,0,2.8074,3.7004,0,6.1434,2.8074,2,0,0,6.3089,3.7004,3.7004,0,1
0,0,2,2,0,5.8265,2,0,0,3.3219,6.522,4.1293,3.3219,0,1
0,0,0,0,0,4.7004,2.585,2.585,0,2,6.351,5.1293,0,0,1
0,0,1.585,3.9069,1.585,6.5111,1.585,1.585,0,3.1699,6.4469,4.5236,3.1699,0,1
2.3219,0,3,3.585,0,6.0264,0,2.3219,0,0,6.7711,4.3923,3,0,1
2,0,0,2,0,6.3749,0,2,0,2,6.439,4.8826,0,0,1
0,0,2.3219,4.4594,2.3219,6.6658,0,3,2.3219,4.2479,6.4182,5.2854,4,0,1
3.3219,0,3.3219,0,0,6.3763,0,2,0,2,6.5584,4.6147,3.3219,2,1
0,0,2.3219,3,0,5.3923,3,3.4594,0,0,6.1609,4,0,0,1
0,2.3219,0,2.3219,0,6.057,0,4.3923,0,2.3219,6.2847,3.9069,4.585,0,1
0,0,3.1699,4.3923,0,3.1699,2,0,2.8074,0,6.3436,4.7814,2.8074,0,1
0,4.5236,2.8074,3.7004,1.585,3.7004,2.8074,2.8074,1.585,1.585,6.7912,4.6439,0,1.585,1
0,0,0,2.8074,0,5.858,2,3.8074,2.8074,3.8074,6.631,4.4594,2.8074,0,1
3.1699,0,0,3.1699,0,6.1455,0,2.3219,0,0,6.6047,5.3923,3.7004,0,1
0,3,3,4.3923,2,4.6147,3,3,0,2,6.7351,3.4594,3,0,1
0,2.3219,2.3219,3.585,2.3219,6.3595,0,2.3219,0,0,6.5292,4,3.585,2.3219,1
0,0,0,2,0,5.9119,2,3,0,0,6.0459,5.2095,2,0,1
0,0,0,0,0,6.556,0,0,0,3.3219,6.3439,0,3.7004,0,1
0,0,2.8074,2.8074,0,5,2.8074,2.8074,0,2.8074,6.7253,4.5236,4.0875,0,1
0,0,2.3219,0,0,5.3219,2.3219,2.3219,0,0,6.4686,4,3.4594,0,1
2.3219,0,2.3219,2.3219,0,6.1934,2.3219,0,0,3.4594,6.4534,4.6147,4.3923,0,1
0,2.585,2.585,3.4594,0,6.2564,0,0,0,0,6.2952,5.0224,3.9069,0,1
0,0,1.585,1.585,0,5.3219,0,3.8074,0,0,6.4872,3.3219,0,0,1
0,0,0,2.585,2.585,6.0108,2.585,0,0,2.585,6.4214,5.5546,2.585,0,1
0,0,4,4.5546,0,4.5546,1.585,2.585,3,1.585,6.5348,4.9069,4,1.585,1
0,0,0,4.2479,1.585,5.7186,0,1.585,0,1.585,6.0654,4.7004,3.8074,0,1
0,0,0,0,0,6.8253,0,4.4594,0,0,6.4581,4.4594,3.4594,0,1
0,0,0,3.9069,0,5.7536,0,3.3219,1.585,0,6.1959,4.5546,1.585,0,1
0,0,0,3.8074,2.3219,4.7004,2.3219,2.3219,0,3.3219,5.9004,0,3.3219,0,1
0,0,3.585,3,0,5.4702,2.3219,3,0,2.3219,6.0832,3.585,3,0,1
0,0,3.1699,4.1699,0,4.1699,0,2.3219,2.3219,0,6.3644,5.3038,3.7004,0,1
2.3219,0,2.3219,3.3219,2.3219,4.7549,2.3219,0,0,3.9069,6.0507,5.2479,2.3219,0,1
0,0,0,3,0,3,0,3,0,0,6.3366,4.2479,0,0,1
1.585,0,1.585,3.4594,0,5.2854,0,1.585,0,0,6.3341,4.4594,0,0,1
0,0,3.3219,4.3923,0,3.9069,2,0,0,0,6.596,4.3923,3.3219,0,1
0,0,2.585,4,0,5.9775,0,2.585,0,0,6.0826,3.4594,0,0,1
0,0,3.9069,4.1293,1.585,4.7549,3.3219,1.585,1.585,1.585,6.359,5.585,0,0,1
0,0,0,3.4594,0,5.9336,3.4594,0,0,0,6.2845,4.8074,0,0,1
0,0,3.7004,2.3219,0,6.6473,0,0,2.3219,0,6.6473,4.1699,3.1699,2.3219,1
0,0,0,3.7004,0,4.585,2.3219,2.3219,0,3.7004,6.5814,4.585,3.1699,0,1
0,0,0,4.4919,2.3219,7.5288,0,2.3219,0,0,6.588,4.7004,0,0,1
0,3.585,2,4.0875,0,5.3219,2,0,2,2,6.3441,5.3219,5.1965,3.585,1
2,0,2,4.4919,0,4.7004,0,3.8074,0,2.8074,6.5749,5.0444,3.3219,0,1
0,0,0,3.1699,2.3219,5.5534,2.3219,0,3.1699,2.3219,6.5872,5.0444,0,2.3219,1
0,0,2.3219,4,0,4.6147,2.3219,2.3219,0,2.3219,6.6069,3.4594,3.4594,0,1
0,0,0,3,0,6.1967,0,0,3,3,6.4226,4.0875,3,0,1
0,0,0,3.8074,0,6.0904,3.8074,3.8074,0,2.8074,6.5136,3.8074,3.8074,0,1
0,0,0,2.8074,0,5.8839,3.8074,0,0,2.8074,6.4146,4.7549,4.2479,0,1
0,0,0,3.4594,0,5.9136,0,0,2.585,0,6.0755,4.9069,3.4594,0,1
2.585,0,0,3.3219,0,5.3576,0,2.585,0,2.585,6.3239,3.8074,0,2.585,1
0,0,0,4.9542,2.8074,6.1424,0,2.8074,0,2.8074,6.1928,4.9542,2.8074,2.8074,1
2.585,0,0,2.585,0,5.4919,0,0,0,0,6.2574,2.585,2.585,3.8074,1
0,0,0,2.8074,0,5.9556,2.8074,0,0,2.8074,6.5106,0,2.8074,0,1
0,0,0,4.585,0,4.0875,0,0,0,2.3219,6.111,3,4.0875,0,1
2.8074,0,0,0,0,6.6972,0,0,0,2.8074,6.0065,3.7004,2.8074,0,1
0,4.0875,3.8074,2.8074,2,5.5895,0,2,2,3.8074,6.0054,2.8074,3.8074,2,1
0,0,2.3219,2.3219,0,4.0875,0,0,0,2.3219,6.3842,4.5236,4.0875,0,1
0,0,0,3.585,0,5.8736,0,0,2.585,0,6.0976,4.0875,2.585,0,1
0,0,0,3.3219,0,6.3642,4.0875,0,0,0,6.1873,4.0875,3.3219,3.3219,1
2.3219,2.3219,3,4,0,6.5466,2.3219,3.585,0,0,6.9856,4.7549,4.585,0,1
0,0,3.8074,3.8074,0,6.4226,2,3.3219,0,3.8074,6.7067,5.0444,4.8074,0,1
2,0,0,2,0,4.8415,2.8074,0,0,2.8074,7.1124,4.7186,4.3923,0,1
0,0,0,3,0,6.9541,3,3.585,0,3,6.3681,4,3,0,1
0,0,0,4.1699,1.585,4.1699,0,1.585,0,2.3219,6.4878,4.7549,1.585,0,1
0,0,0,2.3219,0,7.216,2.3219,4.7004,0,3.1699,6.9846,3.1699,4.9773,0,1
0,0,3.7004,3.7004,0,6.519,0,2.3219,0,2.3219,6.7974,4.3219,5.6439,0,1
0,0,3.7004,3.7004,2.3219,6.1156,2.3219,3.7004,0,3.7004,6.2532,2.3219,4.7004,0,1
0,2.3219,3.3219,4.3219,2.3219,5.8163,3.3219,2.3219,0,0,6.5718,0,0,0,1
0,0,0,4.3219,0,5.969,3.585,2.3219,0,0,6.5755,4.5236,4.0875,0,1
0,0,3.1699,0,3.1699,4.6439,3.7004,0,0,2.3219,6.979,3.7004,5.4919,0,1
0,0,2.3219,4.1699,0,6.5789,0,0,0,2.3219,6.6803,4.1699,5.0444,0,1
0,0,0,4.585,0,6.2941,4.0875,5,0,3.585,6.2941,3.585,3.585,0,1
2.3219,0,2.3219,0,0,5.5546,0,3.1699,0,4.2479,6.3212,3.7004,2.3219,0,1
0,0,2.3219,3,0,5.5201,2.3219,2.3219,3,2.3219,6.14,3.4594,4.8074,2.3219,1
0,0,2.8074,4.585,0,5.9001,0,2.8074,0,2.8074,6.5537,3.585,2.8074,0,1
2.8074,0,0,3.585,0,5.3399,0,3.585,0,4.585,6.6057,4.0875,4.0875,0,1
0,0,0,3.585,0,5.4594,0,4.1699,2.8074,2.8074,6.8269,5.4594,4.6439,0,1
0,0,0,3.4594,0,6.086,0,2.585,0,3.4594,6.529,3.4594,3.4594,2.585,1
2.3219,0,0,4.4594,0,4.4594,3.3219,2.3219,0,3.9069,6.7009,4.4594,2.3219,0,1
0,2,0,3.3219,0,3.3219,2,3.9069,2,3.3219,6.0976,5,3.3219,0,1
2.8074,0,0,4,0,4.4594,2.8074,2.8074,0,2.8074,6.4481,4,0,0,1
0,0,3.4594,2.585,0,4,0,3.4594,0,3.4594,6.83,2.585,2.585,0,1
0,0,2.585,0,2.585,5.9006,2.585,2.585,0,4,6.6486,2.585,4,0,1
0,0,0,4,0,7.2651,0,4,0,0,6.543,5.0587,4.2854,0,1
0,0,2.3219,4.1699,0,6.301,0,3.7004,0,0,6.0898,3.1699,3.1699,2.3219,1
0,0,0,3.1699,0,6.7593,3.1699,3.1699,0,0,6.266,3.1699,4.585,0,1
0,0,2.3219,5,0,6.6614,3.1699,3.1699,0,0,6.4867,3.7004,4.1699,0,1
0,0,0,4.9069,0,6.0819,0,3.3219,2,0,6.399,2.8074,0,2,1
0,0,0,1.585,0,5.4947,1.585,1.585,0,1.585,6.3505,3.3219,1.585,0,1
0,0,0,2,0,5.8174,2,3.1699,0,0,6.4666,3.7004,4.4263,0,1
0,0,1.585,3.7004,1.585,6.0764,4.0875,0,3.1699,0,5.8587,5.5304,5.1699,0,1
0,0,0,4.0875,0,6.9679,2.8074,0,2.8074,2.8074,6.3156,4.3576,5.5783,0,1
0,0,0,2,0,6.3431,4.3923,3.3219,2,2,6.1683,4.858,4.6439,0,1
0,0,0,4,0,6.4909,3.4594,0,0,2.585,6.1328,4,4,0,1
1.585,0,0,3.9069,0,5.6508,0,3.1699,1.585,0,6.3027,3.9069,0,1.585,1
0,0,0,3.4594,0,6.4251,0,0,0,0,6.0618,3.4594,4.4594,0,1
2.585,0,0,0,0,6.2286,2.585,0,0,0,5.9352,4,4.7004,0,1
0,0,0,4.1293,0,7.516,2.585,2.585,0,0,6.6181,3.585,5.7057,0,1
0,0,2.3219,3.1699,0,6.3217,3.1699,3.1699,2.3219,0,6.3672,4.4594,2.3219,0,1
0,0,0,2.585,0,6.7463,0,2.585,0,0,6.0757,3.4594,3.4594,0,1
0,0,0,4,0,6.9429,3.585,2.8074,0,0,6.6483,3.585,5.5163,2.8074,1
2.3219,0,0,3.585,0,6.384,2.3219,4.0875,2.3219,2.3219,6.9416,3.585,4.9542,0,1
0,0,0,2.8074,0,4.4919,2.8074,3.3219,2,0,6.6924,3.8074,5.2079,0,1
0,0,0,4.3219,0,4.3219,2,2,2.8074,0,6.1977,5.2593,5.9045,2,1
0,0,0,4.4919,0,5.4346,0,1.585,0,0,6.2668,3.1699,1.585,0,1
0,0,2,4.585,0,4.0875,0,4.8074,2,0,6.4504,4.0875,4.8074,0,1
0,0,0,3.585,0,5.6064,0,3.1699,0,0,6.6721,2.3219,2.3219,0,1
0,0,0,3.9069,0,6.4306,0,3.4594,4.3923,0,6.033,3.9069,4.6439,0,1
0,0,0,3.7004,0,4.9307,2.3219,4.4594,0,0,6.0616,3.1699,3.1699,0,1
0,0,0,3.3219,0,5.9217,3.3219,3.8074,0,0,6.1387,2.585,0,0,1
0,0,0,2.585,0,7.0039,0,3.4594,0,2.585,6.1301,2.585,3.4594,2.585,1
2.3219,0,0,3.8074,2.3219,5.1293,2.3219,2.3219,3.1699,3.1699,5.7211,4.7004,3.1699,0,1
0,0,0,0,0,6.4087,3,3,3,0,6.2771,4.858,4.3923,0,1
0,0,0,3.3219,0,5.9816,0,2.585,0,0,6.1562,4.858,4.3219,0,1
0,0,0,3.9069,3.3219,5.9212,3.9069,2,2,0,6.7204,3.9069,2,0,1
0,0,0,2,2,5.4696,3,3.4594,0,0,6.5387,3,3.4594,0,1
0,0,0,0,0,6.1008,3.4594,2.585,0,2.585,6.2587,2.585,3.4594,0,1
0,0,0,5.2479,0,5.7447,2.585,0,0,0,5.824,4.3219,3.9069,0,1
2.3219,2.3219,2.3219,4.5546,0,6.896,4.3219,3.3219,2.3219,0,6.6977,4.5546,4.7549,0,1
0,0,0,4,0,6.0909,3.4594,0,0,0,6.1544,5.4453,4.4594,0,1
0,0,1.585,3.3219,1.585,5.9923,1.585,0,0,0,6.4268,4.585,4.3219,0,1
0,0,2.585,2.585,0,5.8304,3.9069,3.4594,2.585,0,6.0751,4.3923,5.0444,0,1
0,0,0,2.585,0,5.5494,0,0,0,2.585,6.5256,3.7004,0,0,1
0,0,0,3.8074,0,5.4864,2.3219,2.3219,0,0,6.9045,4.7549,4.2479,0,1
0,0,0,3.3219,0,6.0257,0,2.3219,2.3219,2.3219,6.0858,3.3219,0,0,1
0,0,0,5.6576,0,6.8988,0,2.585,2.585,3.4594,6.433,3.4594,3.4594,0,1
0,2.3219,0,5.2373,0,5.0875,0,0,0,2.3219,5.9124,4.1699,2.3219,0,1
2.3219,0,0,5,0,5.8225,2.3219,4.7549,0,0,6.242,4.2479,5.3462,0,1
0,0,0,4.858,0,6.0418,5.0444,0,0,0,6.6655,0,3.585,0,1
0,0,0,2.8074,0,6.0374,2.8074,0,0,3.585,5.3995,2.8074,2.8074,0,1
0,0,0,3.8074,0,6.3293,3.8074,5.4067,0,2.8074,6.04,4.2479,3.8074,0,1
3.1699,0,2.3219,3.1699,0,5.2342,3.1699,3.585,3.585,2.3219,6.5569,5.0875,4.0875,2.3219,1
0,0,0,4.9773,0,6.0009,3.585,0,0,2.8074,6.2819,3.585,4.7549,0,1
0,0,0,2.3219,0,5.4259,0,0,3.7004,2.3219,6.318,3.7004,2.3219,0,1
2.8074,0,0,4.7549,0,5.6467,0,3.7004,0,0,6.1085,4.2479,4.2479,0,1
0,0,0,2.8074,0,5.6594,2.8074,0,0,0,6.4366,4.7004,3.7004,0,1
0,0,0,2,0,4.7004,2,2,0,0,6.7169,5.1293,4.7004,0,1
0,0,0,4.5546,0,5.9616,4.3219,2.3219,0,0,6.1623,2.3219,0,0,1
0,0,0,4.2479,0,6.3973,3.7004,0,0,0,6.0437,4.2479,5.2479,0,1
0,0,0,4.7549,0,7.1675,2.3219,2.3219,0,0,6.5365,4.1699,2.3219,0,1
0,0,0,2.3219,0,7.3099,0,2.3219,0,2.3219,6.5584,4.8074,3.8074,0,1
0,0,0,4.2479,0,5.5382,0,2.585,0,3.7004,5.8186,2.585,5.3154,0,1
0,0,0,4.7279,0,4.9542,2.585,3.3219,0,0,5.8192,2.585,2.585,0,1
0,0,0,2.8074,0,5.9889,0,2.8074,0,0,6.1934,4.2095,0,0,1
0,0,0,2.585,0,3.1699,2.585,0,2,2,6.5603,4.3923,4.585,0,1
0,0,0,4.1699,0,4.585,2.3219,3.7004,0,4.3923,6.6956,4.585,4.585,0,1
2,0,0,3.7004,0,3.7004,0,2,0,2,6.9052,5.3338,4.585,2,1
0,0,0,2,0,3.7004,2,2,2.8074,3.7004,6.5619,4.585,4.0875,2,1
0,0,2.585,4.0875,0,7.1532,2.585,2.585,2.585,4.0875,6.6513,2.585,4.585,0,1
0,0,2.3219,4.2479,2.3219,6.0492,0,0,0,2.3219,6.9429,5.0444,4.6439,0,1
0,0,0,0,0,6.482,2.585,2.585,0,0,6.3799,3.4594,4.858,0,1
2.3219,0,4.1699,3.1699,0,6.0383,3.1699,2.3219,2.3219,4.3923,6.8095,4.585,2.3219,2.3219,1
0,0,0,3.1699,0,5.4919,2.585,3.1699,4.1699,0,6.2165,5.3691,5.4919,0,1
3,0,3,3,0,4.3923,3.4594,2,0,0,6.634,2,4.6147,0,1
0,0,0,3,2.3219,6.4606,3,0,0,2.3219,6.3074,4.4594,3,0,1
0,0,2.585,4.0875,0,5.9921,0,0,0,0,6.2234,4.858,3.4594,0,1
0,0,0,0,0,6.392,2.585,2.585,0,2.585,6.6952,2.585,5.1699,0,1
0,0,0,4.1699,0,5.4919,0,2,0,0,6.524,5.0444,0,0,1
0,0,0,2,0,5.4283,0,4,2,3,6.8094,3,4.9069,0,1
0,0,0,3.585,2.3219,5.6556,0,3,0,2.3219,7.0047,5.1497,4,2.3219,1
0,0,0,4.5236,0,6.4573,3.4594,2.8074,0,0,6.7298,5.2288,4.9542,0,1
0,0,1.585,3.8074,0,5.5586,1.585,1.585,3.3219,1.585,6.6447,4.3219,4.5546,0,1
0,0,2,4.3219,0,3.3219,3.3219,4.1293,0,0,6.712,5.2854,3.3219,0,1
0,0,2.585,0,0,6.0976,2.585,0,0,0,6.4258,4.7004,5.4263,0,1
0,0,0,0,0,5.5192,3.3219,3.3219,0,0,6.1837,5.3219,3.8074,0,1
0,0,2.8074,2.8074,0,5.2095,4.0875,2.8074,0,3.4594,6.5498,5.2095,5.2095,0,1
3,0,0,3.8074,0,6.3327,0,0,0,3,6.5577,3.8074,5.1497,0,1
0,0,0,4.5236,0,5.875,2.585,2.585,0,3.585,6.3484,4.1293,5.875,0,1
0,0,2.585,2.585,0,6.0081,2.585,0,0,0,6.0081,3.8074,4.3219,0,1
0,2.585,0,2.585,0,5.4594,3.585,2.585,0,3.585,6.3523,5.5595,4.0875,0,1
0,0,0,0,3.4594,5.9093,2.8074,3.4594,0,2.8074,6.65,3.4594,4.858,0,1
0,0,0,2,0,3.3219,3.3219,0,0,0,6.6387,3.9069,3.9069,0,1
0,0,0,2.585,0,6.8006,0,0,2.585,4.4594,6.2572,4.4594,4.9542,0,1
2.585,0,0,0,0,5.8716,0,2.585,4.4594,2.585,6.7374,4.7279,3.9069,0,1
0,0,2.8074,2.8074,0,5.55,2.8074,0,0,0,6.6495,0,4.4594,2.8074,1
0,0,2.3219,2.3219,0,3.8074,2.3219,0,0,2.3219,6.7316,4.585,2.3219,0,1
0,0,0,2.3219,0,5.1898,0,3.585,0,4.3219,6.7845,0,3.585,0,1
0,0,4,2,0,3.1699,3.7004,2,0,3.1699,6.1886,4,2,0,1
0,0,2.585,2.585,0,6.0248,0,2.585,0,0,7.1146,3.9069,5.3923,0,1
0,0,3.585,2.8074,0,6.23,0,2.8074,0,3.585,6.7455,5.0444,2.8074,0,1
0,0,2.585,0,0,5.8953,0,3.8074,0,0,6.5676,3.8074,5.3219,2.585,1
0,0,0,3.4594,0,7.0158,2.585,3.4594,0,2.585,6.8174,4.0875,4.5236,0,1
0,5,4.2479,0,0,5.3381,0,2.3219,0,3.8074,6.4034,2.3219,5.2095,0,1
0,0,0,0,0,6.3916,0,3.1699,0,0,6.3422,4,4,0,1
0,0,0,3,0,5.8941,0,3,0,3,6.7061,5.3576,4.8074,0,1
2,0,4.3576,4.585,0,4.3576,0,2,0,5.0444,6.3416,4.585,2,0,1
0,0,2.8074,4.4594,2.8074,0,2.8074,0,2.8074,3.4594,6.7141,3.4594,0,0,1
0,0,0,0,0,5.3684,2.3219,2.3219,0,2.3219,6.6061,3.7004,5,0,1
0,0,0,3.7004,0,5.1293,3.7004,0,3,0,6.2933,4.858,0,0,1
3,0,0,3,0,6.1771,0,3.7004,0,0,6.4371,0,0,0,0
0,0,2,4.2095,0,6.8856,2,3.585,0,3.8074,6.6152,4.6147,4,2.585,0
0,2.585,2.585,0,0,6.4994,2.585,2.585,0,0,6.6791,2.585,5.4919,0,0
0,0,0,3.1699,0,7.1972,2.3219,2.3219,0,3.1699,6.5211,4.5236,3.585,0,1
0,0,0,3.4594,0,5.7398,0,0,0,0,5.9404,3.4594,0,0,1
0,0,0,0,0,6.4301,4.0875,2.3219,2.3219,3.4594,6.7192,3.4594,5.2095,2.3219,1
